{
  "posts": [
    {
      "id": 1,
      "title": "json-server",
      "author": "typicode"
    }
  ],
  "comments": [
    {
      "id": 1,
      "body": "some comment",
      "postId": 1
    }
  ],
  "profile": {
    "name": "typicode"
  },

  "GameList":[
    {
      "id":1,
      "name":"Shooting",
      "price":105

    },
    {
      "id":2,
      "name":"Angry Birds",
      "price":95

    },
    {
      "id":3,
      "name":"Temple Run",
      "price":200

    },
    {
      "id":4,
      "name":"Bike Race",
      "price":90

    },
    {
      "id":5,
      "name":"Air Control",
      "price":105

    }
  ]
}